2.00353,9.79999,0.12
2.00353,9.79999,0.12
2.00353,9.79999,0.12
2.00353,9.79999,0.12
2.00353,9.79999,0.12
2.00353,9.79999,0.12
2.03983,9.70643,0.06
2.03983,9.70643,0.06
2.03983,9.70643,0.06
2.03983,9.70643,0.06
2.03983,9.70643,0.06
2.03983,9.70643,0.06
2.03983,9.70643,0.06
2.07624,9.61333,1.74997e-08
2.07624,9.61333,1.74997e-08
2.07624,9.61333,1.74997e-08
2.07624,9.61333,1.74997e-08
2.07624,9.61333,1.74997e-08
2.11264,9.52065,-0.06
2.11264,9.52065,-0.06
2.11264,9.52065,-0.06
2.11264,9.52065,-0.06
2.11264,9.52065,-0.06
2.11264,9.52065,-0.06
2.14821,9.42689,-0.12
2.14821,9.42689,-0.12
2.14821,9.42689,-0.12
2.14821,9.42689,-0.12
2.14821,9.42689,-0.12
2.14821,9.42689,-0.12
2.14821,9.42689,-0.12
2.14821,9.42689,-0.12
2.18382,9.33338,-0.18
2.18382,9.33338,-0.18
2.18382,9.33338,-0.18
2.18382,9.33338,-0.18
2.18382,9.33338,-0.18
2.18382,9.33338,-0.18
2.18382,9.33338,-0.18
2.18382,9.33338,-0.18
2.22002,9.24037,-0.24
2.22002,9.24037,-0.24
2.22002,9.24037,-0.24
2.22002,9.24037,-0.24
2.22002,9.24037,-0.24
2.22002,9.24037,-0.24
2.22002,9.24037,-0.24
2.25593,9.14674,-0.3
2.25593,9.14674,-0.3
2.25593,9.14674,-0.3
2.25593,9.14674,-0.3
2.25593,9.14674,-0.3
2.25593,9.14674,-0.3
2.25593,9.14674,-0.3
2.25593,9.14674,-0.3
2.25593,9.14674,-0.3
2.25593,9.14674,-0.3
2.29284,9.05288,-0.36
2.29284,9.05288,-0.36
2.29284,9.05288,-0.36
2.29284,9.05288,-0.36
2.29284,9.05288,-0.36
2.29284,9.05288,-0.36
2.29284,9.05288,-0.36
2.29284,9.05288,-0.36
2.29284,9.05288,-0.36
2.29284,9.05288,-0.36
2.32918,8.95907,-0.42
2.32918,8.95907,-0.42
2.32918,8.95907,-0.42
2.32918,8.95907,-0.42
2.32918,8.95907,-0.42
2.32918,8.95907,-0.42
2.32918,8.95907,-0.42
2.32918,8.95907,-0.42
2.32918,8.95907,-0.42
2.36556,8.86567,-0.48
2.36556,8.86567,-0.48
2.36556,8.86567,-0.48
2.36556,8.86567,-0.48
2.36556,8.86567,-0.48
2.36556,8.86567,-0.48
2.36556,8.86567,-0.48
2.36556,8.86567,-0.48
2.36556,8.86567,-0.48
2.40184,8.77232,-0.54
2.40184,8.77232,-0.54
2.40184,8.77232,-0.54
2.40184,8.77232,-0.54
2.40184,8.77232,-0.54
2.40184,8.77232,-0.54
2.40184,8.77232,-0.54
2.40184,8.77232,-0.54
2.40184,8.77232,-0.54
2.43779,8.67918,-0.6
2.43779,8.67918,-0.6
2.43779,8.67918,-0.6
2.43779,8.67918,-0.6
2.43779,8.67918,-0.6
2.43779,8.67918,-0.6
2.43779,8.67918,-0.6
2.43779,8.67918,-0.6
2.43779,8.67918,-0.6
2.47373,8.58572,-0.66
2.47373,8.58572,-0.66
2.47373,8.58572,-0.66
2.47373,8.58572,-0.66
2.47373,8.58572,-0.66
2.47373,8.58572,-0.66
2.47373,8.58572,-0.66
2.51482,8.48222,-0.78
2.51482,8.48222,-0.78
2.51482,8.48222,-0.78
2.51482,8.48222,-0.78
2.51482,8.48222,-0.78
2.51482,8.48222,-0.78
2.51482,8.48222,-0.78
2.51866,8.47252,-0.84
2.51866,8.47252,-0.84
2.51866,8.47252,-0.84
2.51866,8.47252,-0.84
2.51866,8.47252,-0.84
2.51866,8.47252,-0.84
2.51866,8.47252,-0.84
2.52218,8.46392,-0.9
2.52218,8.46392,-0.9
2.52218,8.46392,-0.9
2.52218,8.46392,-0.9
2.52218,8.46392,-0.9
2.52218,8.46392,-0.9
2.52218,8.46392,-0.9
2.52482,8.45681,-0.96
2.52482,8.45681,-0.96
2.52482,8.45681,-0.96
2.52482,8.45681,-0.96
2.52482,8.45681,-0.96
2.52482,8.45681,-0.96
2.52482,8.45681,-0.96
2.52746,8.44996,-1.01321
2.52746,8.44996,-1.01321
2.52746,8.44996,-1.01321
2.52746,8.44996,-1.01321
2.52746,8.44996,-1.01321
2.52746,8.44996,-1.01321
2.52746,8.44996,-1.01321
2.52979,8.445,-1.05941
2.52979,8.445,-1.05941
2.52979,8.445,-1.05941
2.52979,8.445,-1.05941
2.52979,8.445,-1.05941
2.52979,8.445,-1.05941
2.52979,8.445,-1.05941
2.5328,8.44039,-1.09952
2.5328,8.44039,-1.09952
2.5328,8.44039,-1.09952
2.5328,8.44039,-1.09952
2.5328,8.44039,-1.09952
2.5328,8.44039,-1.09952
2.53387,8.43675,-1.13435
2.53387,8.43675,-1.13435
2.53387,8.43675,-1.13435
2.53387,8.43675,-1.13435
2.53387,8.43675,-1.13435
2.53387,8.43675,-1.13435
2.53387,8.43675,-1.13435
2.53562,8.43385,-1.16459
2.53562,8.43385,-1.16459
2.53562,8.43385,-1.16459
2.53562,8.43385,-1.16459
2.53562,8.43385,-1.16459
2.53562,8.43385,-1.16459
2.53562,8.43385,-1.16459
2.53638,8.43065,-1.19084
2.53638,8.43065,-1.19084
2.53638,8.43065,-1.19084
2.53638,8.43065,-1.19084
2.53638,8.43065,-1.19084
2.53638,8.43065,-1.19084
2.53766,8.42789,-1.21363
2.53766,8.42789,-1.21363
2.53766,8.42789,-1.21363
2.53766,8.42789,-1.21363
2.53766,8.42789,-1.21363
2.53766,8.42789,-1.21363
2.53766,8.42789,-1.21363
2.53894,8.4254,-1.23342
2.53894,8.4254,-1.23342
2.53894,8.4254,-1.23342
2.53894,8.4254,-1.23342
2.53894,8.4254,-1.23342
2.54023,8.42308,-1.25061
2.54023,8.42308,-1.25061
2.54023,8.42308,-1.25061
2.54023,8.42308,-1.25061
2.54023,8.42308,-1.25061
2.54133,8.42184,-1.26552
2.54133,8.42184,-1.26552
2.54133,8.42184,-1.26552
2.54133,8.42184,-1.26552
2.54133,8.42184,-1.26552
2.54133,8.42184,-1.26552
2.54185,8.42006,-1.27848
2.54185,8.42006,-1.27848
2.54185,8.42006,-1.27848
2.54185,8.42006,-1.27848
2.54185,8.42006,-1.27848
2.54185,8.42006,-1.27848
2.54185,8.42006,-1.27848
2.54255,8.4189,-1.28972
2.54255,8.4189,-1.28972
2.54255,8.4189,-1.28972
2.54255,8.4189,-1.28972
2.54255,8.4189,-1.28972
2.54255,8.4189,-1.28972
2.54315,8.41783,-1.29949
2.54315,8.41783,-1.29949
2.54315,8.41783,-1.29949
2.54315,8.41783,-1.29949
2.54315,8.41783,-1.29949
2.54315,8.41783,-1.29949
2.54315,8.41783,-1.29949
2.54363,8.41679,-1.30796
2.54363,8.41679,-1.30796
2.54363,8.41679,-1.30796
2.54363,8.41679,-1.30796
2.54363,8.41679,-1.30796
2.54363,8.41679,-1.30796
2.54415,8.4158,-1.31532
2.54415,8.4158,-1.31532
2.54415,8.4158,-1.31532
2.54415,8.4158,-1.31532
2.54415,8.4158,-1.31532
2.54415,8.4158,-1.31532
2.54415,8.4158,-1.31532
2.54445,8.4143,-1.32171
2.54445,8.4143,-1.32171
2.54445,8.4143,-1.32171
2.54445,8.4143,-1.32171
2.54445,8.4143,-1.32171
2.54445,8.4143,-1.32171
2.54459,8.41338,-1.32726
2.54459,8.41338,-1.32726
2.54459,8.41338,-1.32726
2.54459,8.41338,-1.32726
2.54459,8.41338,-1.32726
2.54459,8.41338,-1.32726
2.54459,8.41338,-1.32726
2.54488,8.41327,-1.33208
2.54488,8.41327,-1.33208
2.54488,8.41327,-1.33208
2.54488,8.41327,-1.33208
2.54488,8.41327,-1.33208
2.54488,8.41327,-1.33208
2.54488,8.41327,-1.33208
2.54511,8.41235,-1.33626
2.54511,8.41235,-1.33626
2.54511,8.41235,-1.33626
2.54511,8.41235,-1.33626
2.54511,8.41235,-1.33626
2.54511,8.41235,-1.33626
2.54495,8.41191,-1.33989
2.54495,8.41191,-1.33989
2.54495,8.41191,-1.33989
2.54495,8.41191,-1.33989
2.54495,8.41191,-1.33989
2.54495,8.41191,-1.33989
2.54519,8.41207,-1.34304
2.54519,8.41207,-1.34304
2.54519,8.41207,-1.34304
2.54519,8.41207,-1.34304
2.54519,8.41207,-1.34304
2.54519,8.41207,-1.34304
2.54497,8.41112,-1.34578
2.54497,8.41112,-1.34578
2.54497,8.41112,-1.34578
2.54497,8.41112,-1.34578
2.54497,8.41112,-1.34578
2.54497,8.41112,-1.34578
2.54512,8.41057,-1.34816
2.54512,8.41057,-1.34816
2.54512,8.41057,-1.34816
2.54512,8.41057,-1.34816
2.54512,8.41057,-1.34816
2.54512,8.41057,-1.34816
2.54556,8.41001,-1.35022
2.54556,8.41001,-1.35022
2.54556,8.41001,-1.35022
2.54556,8.41001,-1.35022
2.54556,8.41001,-1.35022
2.54556,8.41001,-1.35022
2.54555,8.40939,-1.35201
2.54555,8.40939,-1.35201
2.54555,8.40939,-1.35201
2.54555,8.40939,-1.35201
2.54555,8.40939,-1.35201
2.54555,8.40939,-1.35201
2.5451,8.40879,-1.35357
2.5451,8.40879,-1.35357
2.5451,8.40879,-1.35357
2.5451,8.40879,-1.35357
2.5451,8.40879,-1.35357
2.5451,8.40879,-1.35357
2.54498,8.4083,-1.35492
2.54498,8.4083,-1.35492
2.54498,8.4083,-1.35492
2.54498,8.4083,-1.35492
2.54498,8.4083,-1.35492
2.54498,8.4083,-1.35492
2.54498,8.4083,-1.35492
2.545,8.40762,-1.35609
2.545,8.40762,-1.35609
2.545,8.40762,-1.35609
2.545,8.40762,-1.35609
2.545,8.40762,-1.35609
2.545,8.40762,-1.35609
2.54426,8.40778,-1.35711
2.54426,8.40778,-1.35711
2.54426,8.40778,-1.35711
2.54426,8.40778,-1.35711
2.54426,8.40778,-1.35711
2.54426,8.40778,-1.35711
2.54435,8.40761,-1.35799
2.54435,8.40761,-1.35799
2.54435,8.40761,-1.35799
2.54435,8.40761,-1.35799
2.54435,8.40761,-1.35799
2.54435,8.40761,-1.35799
2.5443,8.40724,-1.35876
2.5443,8.40724,-1.35876
2.5443,8.40724,-1.35876
2.5443,8.40724,-1.35876
2.5443,8.40724,-1.35876
2.5443,8.40724,-1.35876
2.54423,8.40604,-1.35942
2.54423,8.40604,-1.35942
2.54423,8.40604,-1.35942
2.54423,8.40604,-1.35942
2.54423,8.40604,-1.35942
2.54423,8.40604,-1.35942
2.54406,8.40609,-1.36
2.54406,8.40609,-1.36
2.54406,8.40609,-1.36
2.54406,8.40609,-1.36
2.54406,8.40609,-1.36
2.54406,8.40609,-1.36
2.54471,8.40581,-1.3605
2.54471,8.40581,-1.3605
2.54471,8.40581,-1.3605
2.54471,8.40581,-1.3605
2.54471,8.40581,-1.3605
2.54471,8.40581,-1.3605
2.54459,8.40608,-1.36094
2.54459,8.40608,-1.36094
2.54459,8.40608,-1.36094
2.54459,8.40608,-1.36094
2.54459,8.40608,-1.36094
2.54459,8.40608,-1.36094
2.54459,8.40608,-1.36094
2.54403,8.40564,-1.36132
2.54403,8.40564,-1.36132
2.54403,8.40564,-1.36132
2.54403,8.40564,-1.36132
2.54403,8.40564,-1.36132
2.54403,8.40564,-1.36132
2.54395,8.40526,-1.36165
2.54395,8.40526,-1.36165
2.54395,8.40526,-1.36165
2.54395,8.40526,-1.36165
2.54395,8.40526,-1.36165
2.54395,8.40526,-1.36165
2.54392,8.40564,-1.36193
2.54392,8.40564,-1.36193
2.54392,8.40564,-1.36193
2.54392,8.40564,-1.36193
2.54392,8.40564,-1.36193
2.54392,8.40564,-1.36193
2.5445,8.40591,-1.36218
2.5445,8.40591,-1.36218
2.5445,8.40591,-1.36218
2.5445,8.40591,-1.36218
2.5445,8.40591,-1.36218
2.5445,8.40591,-1.36218
2.54419,8.40597,-1.3624
2.54419,8.40597,-1.3624
2.54419,8.40597,-1.3624
2.54419,8.40597,-1.3624
2.54419,8.40597,-1.3624
2.54419,8.40597,-1.3624
2.54392,8.40572,-1.36258
2.54392,8.40572,-1.36258
2.54392,8.40572,-1.36258
2.54392,8.40572,-1.36258
2.54392,8.40572,-1.36258
2.54392,8.40572,-1.36258
2.54317,8.40554,-1.36275
2.54317,8.40554,-1.36275
2.54317,8.40554,-1.36275
2.54317,8.40554,-1.36275
2.54317,8.40554,-1.36275
2.54317,8.40554,-1.36275
2.54356,8.40554,-1.36289
2.54356,8.40554,-1.36289
2.54356,8.40554,-1.36289
2.54356,8.40554,-1.36289
2.54356,8.40554,-1.36289
2.54356,8.40554,-1.36289
2.54287,8.40546,-1.36301
2.54287,8.40546,-1.36301
2.54287,8.40546,-1.36301
2.54287,8.40546,-1.36301
2.54287,8.40546,-1.36301
2.54287,8.40546,-1.36301
2.54298,8.40559,-1.36311
2.54298,8.40559,-1.36311
2.54298,8.40559,-1.36311
2.54298,8.40559,-1.36311
2.54298,8.40559,-1.36311
2.54298,8.40559,-1.36311
2.543,8.40503,-1.36321
2.543,8.40503,-1.36321
2.543,8.40503,-1.36321
2.543,8.40503,-1.36321
2.543,8.40503,-1.36321
2.543,8.40503,-1.36321
2.54321,8.40444,-1.36329
2.54321,8.40444,-1.36329
2.54321,8.40444,-1.36329
2.54321,8.40444,-1.36329
2.54321,8.40444,-1.36329
2.54321,8.40444,-1.36329
2.54346,8.40413,-1.36336
2.54346,8.40413,-1.36336
2.54346,8.40413,-1.36336
2.54346,8.40413,-1.36336
2.54346,8.40413,-1.36336
2.54346,8.40413,-1.36336
2.54379,8.40463,-1.36342
2.54379,8.40463,-1.36342
2.54379,8.40463,-1.36342
2.54379,8.40463,-1.36342
2.54379,8.40463,-1.36342
2.54379,8.40463,-1.36342
2.54396,8.40441,-1.36347
2.54396,8.40441,-1.36347
2.54396,8.40441,-1.36347
2.54396,8.40441,-1.36347
2.54396,8.40441,-1.36347
2.54396,8.40441,-1.36347
2.54318,8.40427,-1.36351
2.54318,8.40427,-1.36351
2.54318,8.40427,-1.36351
2.54318,8.40427,-1.36351
2.54318,8.40427,-1.36351
2.54318,8.40427,-1.36351
2.54285,8.40386,-1.36355
2.54285,8.40386,-1.36355
2.54285,8.40386,-1.36355
2.54285,8.40386,-1.36355
2.54285,8.40386,-1.36355
2.54285,8.40386,-1.36355
2.54301,8.40431,-1.36359
2.54301,8.40431,-1.36359
2.54301,8.40431,-1.36359
2.54301,8.40431,-1.36359
2.54301,8.40431,-1.36359
2.54301,8.40431,-1.36359
2.54316,8.40481,-1.36362
2.54316,8.40481,-1.36362
2.54316,8.40481,-1.36362
2.54316,8.40481,-1.36362
2.54316,8.40481,-1.36362
2.54316,8.40481,-1.36362
2.54316,8.40481,-1.36362
2.54272,8.4052,-1.36364
2.54272,8.4052,-1.36364
2.54272,8.4052,-1.36364
2.54272,8.4052,-1.36364
2.54272,8.4052,-1.36364
2.54272,8.4052,-1.36364
2.54332,8.40544,-1.36367
2.54332,8.40544,-1.36367
2.54332,8.40544,-1.36367
2.54332,8.40544,-1.36367
2.54332,8.40544,-1.36367
2.54332,8.40544,-1.36367
2.54325,8.40532,-1.36369
2.54325,8.40532,-1.36369
2.54325,8.40532,-1.36369
2.54325,8.40532,-1.36369
2.54325,8.40532,-1.36369
2.54325,8.40532,-1.36369
2.54361,8.40592,-1.3637
2.54361,8.40592,-1.3637
2.54361,8.40592,-1.3637
2.54361,8.40592,-1.3637
2.54361,8.40592,-1.3637
2.54361,8.40592,-1.3637
2.54361,8.40592,-1.3637
2.54361,8.40592,-1.3637
2.54303,8.40692,-1.36372
2.54303,8.40692,-1.36372
2.54303,8.40692,-1.36372
2.54303,8.40692,-1.36372
2.54303,8.40692,-1.36372
2.54303,8.40692,-1.36372
2.54293,8.40689,-1.36373
2.54293,8.40689,-1.36373
2.54293,8.40689,-1.36373
2.54293,8.40689,-1.36373
2.54293,8.40689,-1.36373
2.54293,8.40689,-1.36373
2.54253,8.4073,-1.36374
2.54253,8.4073,-1.36374
2.54253,8.4073,-1.36374
2.54253,8.4073,-1.36374
2.54253,8.4073,-1.36374
2.54253,8.4073,-1.36374
2.54245,8.40778,-1.36375
2.54245,8.40778,-1.36375
2.54245,8.40778,-1.36375
2.54245,8.40778,-1.36375
2.54245,8.40778,-1.36375
2.54245,8.40778,-1.36375
2.54261,8.40733,-1.36376
2.54261,8.40733,-1.36376
2.54261,8.40733,-1.36376
2.54261,8.40733,-1.36376
2.54261,8.40733,-1.36376
2.54261,8.40733,-1.36376
2.62102,8.34489,-1.30376
2.62102,8.34489,-1.30376
2.62102,8.34489,-1.30376
2.62102,8.34489,-1.30376
2.62102,8.34489,-1.30376
2.62102,8.34489,-1.30376
2.69862,8.28174,-1.24376
2.69862,8.28174,-1.24376
2.69862,8.28174,-1.24376
2.69862,8.28174,-1.24376
2.69862,8.28174,-1.24376
2.69862,8.28174,-1.24376
2.69862,8.28174,-1.24376
2.69862,8.28174,-1.24376
2.77632,8.21963,-1.18376
2.77632,8.21963,-1.18376
2.77632,8.21963,-1.18376
2.77632,8.21963,-1.18376
2.77632,8.21963,-1.18376
2.77632,8.21963,-1.18376
2.77632,8.21963,-1.18376
2.85368,8.15671,-1.12376
2.85368,8.15671,-1.12376
2.85368,8.15671,-1.12376
2.85368,8.15671,-1.12376
2.85368,8.15671,-1.12376
2.85368,8.15671,-1.12376
2.85368,8.15671,-1.12376
2.85368,8.15671,-1.12376
2.85368,8.15671,-1.12376
2.9319,8.09353,-1.06376
2.9319,8.09353,-1.06376
2.9319,8.09353,-1.06376
2.9319,8.09353,-1.06376
2.9319,8.09353,-1.06376
2.9319,8.09353,-1.06376
3.0099,8.03119,-1.00376
3.0099,8.03119,-1.00376
3.0099,8.03119,-1.00376
3.0099,8.03119,-1.00376
3.0099,8.03119,-1.00376
3.0099,8.03119,-1.00376
3.0099,8.03119,-1.00376
3.08772,7.96832,-0.943759
3.08772,7.96832,-0.943759
3.08772,7.96832,-0.943759
3.08772,7.96832,-0.943759
3.08772,7.96832,-0.943759
3.08772,7.96832,-0.943759
3.08772,7.96832,-0.943759
3.17176,7.89911,-0.823759
3.17176,7.89911,-0.823759
3.17176,7.89911,-0.823759
3.17176,7.89911,-0.823759
3.17176,7.89911,-0.823759
3.17176,7.89911,-0.823759
3.17176,7.89911,-0.823759
3.17176,7.89911,-0.823759
3.17799,7.89464,-0.763759
3.17799,7.89464,-0.763759
3.17799,7.89464,-0.763759
3.17799,7.89464,-0.763759
3.17799,7.89464,-0.763759
3.17799,7.89464,-0.763759
3.17799,7.89464,-0.763759
3.17799,7.89464,-0.763759
3.18289,7.88928,-0.703759
3.18289,7.88928,-0.703759
3.18289,7.88928,-0.703759
3.18289,7.88928,-0.703759
3.18289,7.88928,-0.703759
3.18289,7.88928,-0.703759
3.18289,7.88928,-0.703759
3.18289,7.88928,-0.703759
3.18289,7.88928,-0.703759
3.1878,7.88551,-0.643759
3.1878,7.88551,-0.643759
3.1878,7.88551,-0.643759
3.1878,7.88551,-0.643759
3.1878,7.88551,-0.643759
3.1878,7.88551,-0.643759
3.1878,7.88551,-0.643759
3.1878,7.88551,-0.643759
3.1878,7.88551,-0.643759
3.19237,7.88257,-0.583759
3.19237,7.88257,-0.583759
3.19237,7.88257,-0.583759
3.19237,7.88257,-0.583759
3.19237,7.88257,-0.583759
3.19237,7.88257,-0.583759
3.19237,7.88257,-0.583759
3.19237,7.88257,-0.583759
3.19237,7.88257,-0.583759
3.19237,7.88257,-0.583759
3.19591,7.87951,-0.523759
3.19591,7.87951,-0.523759
3.19591,7.87951,-0.523759
3.19591,7.87951,-0.523759
3.19591,7.87951,-0.523759
3.19591,7.87951,-0.523759
3.19591,7.87951,-0.523759
3.19591,7.87951,-0.523759
3.19591,7.87951,-0.523759
3.19591,7.87951,-0.523759
3.19901,7.87615,-0.463759
3.19901,7.87615,-0.463759
3.19901,7.87615,-0.463759
3.19901,7.87615,-0.463759
3.19901,7.87615,-0.463759
3.19901,7.87615,-0.463759
3.19901,7.87615,-0.463759
3.19901,7.87615,-0.463759
3.19901,7.87615,-0.463759
3.20123,7.87333,-0.403759
3.20123,7.87333,-0.403759
3.20123,7.87333,-0.403759
3.20123,7.87333,-0.403759
3.20123,7.87333,-0.403759
3.20123,7.87333,-0.403759
3.20123,7.87333,-0.403759
3.20123,7.87333,-0.403759
3.20123,7.87333,-0.403759
3.20123,7.87333,-0.403759
3.20366,7.87122,-0.343759
3.20366,7.87122,-0.343759
3.20366,7.87122,-0.343759
3.20366,7.87122,-0.343759
3.20366,7.87122,-0.343759
3.20366,7.87122,-0.343759
3.20366,7.87122,-0.343759
3.20366,7.87122,-0.343759
3.20366,7.87122,-0.343759
3.20574,7.86926,-0.283759
3.20574,7.86926,-0.283759
3.20574,7.86926,-0.283759
3.20574,7.86926,-0.283759
3.20574,7.86926,-0.283759
3.20574,7.86926,-0.283759
3.20574,7.86926,-0.283759
3.20574,7.86926,-0.283759
3.20574,7.86926,-0.283759
3.20752,7.86783,-0.223759
3.20752,7.86783,-0.223759
3.20752,7.86783,-0.223759
3.20752,7.86783,-0.223759
3.20752,7.86783,-0.223759
3.20752,7.86783,-0.223759
3.20752,7.86783,-0.223759
3.20752,7.86783,-0.223759
3.20752,7.86783,-0.223759
3.20752,7.86783,-0.223759
3.20934,7.86693,-0.163759
3.20934,7.86693,-0.163759
3.20934,7.86693,-0.163759
3.20934,7.86693,-0.163759
3.20934,7.86693,-0.163759
3.20934,7.86693,-0.163759
3.20934,7.86693,-0.163759
3.20934,7.86693,-0.163759
3.20934,7.86693,-0.163759
3.20934,7.86693,-0.163759
3.20934,7.86693,-0.163759
3.21049,7.86558,-0.103759
3.21049,7.86558,-0.103759
3.21049,7.86558,-0.103759
3.21049,7.86558,-0.103759
3.21049,7.86558,-0.103759
3.21049,7.86558,-0.103759
3.21049,7.86558,-0.103759
3.21049,7.86558,-0.103759
3.21049,7.86558,-0.103759
3.21049,7.86558,-0.103759
3.21049,7.86558,-0.103759
3.21156,7.86482,-0.0437586
3.21156,7.86482,-0.0437586
3.21156,7.86482,-0.0437586
3.21156,7.86482,-0.0437586
3.21156,7.86482,-0.0437586
3.21156,7.86482,-0.0437586
3.21156,7.86482,-0.0437586
3.21156,7.86482,-0.0437586
3.21156,7.86482,-0.0437586
3.21156,7.86482,-0.0437586
3.21156,7.86482,-0.0437586
3.21223,7.86454,0.0162414
3.21223,7.86454,0.0162414
3.21223,7.86454,0.0162414
3.21223,7.86454,0.0162414
3.21223,7.86454,0.0162414
3.21223,7.86454,0.0162414
3.21223,7.86454,0.0162414
3.21223,7.86454,0.0162414
3.21223,7.86454,0.0162414
3.21223,7.86454,0.0162414
3.21223,7.86454,0.0162414
3.21223,7.86454,0.0162414
3.2132,7.8638,0.0762414
3.2132,7.8638,0.0762414
3.2132,7.8638,0.0762414
3.2132,7.8638,0.0762414
3.2132,7.8638,0.0762414
3.2132,7.8638,0.0762414
3.2132,7.8638,0.0762414
3.2132,7.8638,0.0762414
3.2132,7.8638,0.0762414
3.2132,7.8638,0.0762414
3.2132,7.8638,0.0762414
3.21432,7.86321,0.136241
3.21432,7.86321,0.136241
3.21432,7.86321,0.136241
3.21432,7.86321,0.136241
3.21432,7.86321,0.136241
3.21432,7.86321,0.136241
3.21432,7.86321,0.136241
3.21432,7.86321,0.136241
3.21432,7.86321,0.136241
3.21432,7.86321,0.136241
3.21432,7.86321,0.136241
3.29645,7.8058,0.163267
3.29645,7.8058,0.163267
3.29645,7.8058,0.163267
3.29645,7.8058,0.163267
3.29645,7.8058,0.163267
3.29645,7.8058,0.163267
3.29645,7.8058,0.163267
3.29645,7.8058,0.163267
3.29645,7.8058,0.163267
3.29645,7.8058,0.163267
3.29645,7.8058,0.163267
3.29645,7.8058,0.163267
3.29645,7.8058,0.163267
3.29645,7.8058,0.163267
3.29645,7.8058,0.163267
3.38432,7.75805,0.162889
3.38432,7.75805,0.162889
3.38432,7.75805,0.162889
3.38432,7.75805,0.162889
3.38432,7.75805,0.162889
3.38432,7.75805,0.162889
3.38432,7.75805,0.162889
3.38432,7.75805,0.162889
3.38432,7.75805,0.162889
3.38432,7.75805,0.162889
3.38432,7.75805,0.162889
3.38432,7.75805,0.162889
3.38432,7.75805,0.162889
3.38432,7.75805,0.162889
3.38432,7.75805,0.162889
3.47201,7.71017,0.162512
3.47201,7.71017,0.162512
3.47201,7.71017,0.162512
3.47201,7.71017,0.162512
3.47201,7.71017,0.162512
3.47201,7.71017,0.162512
3.47201,7.71017,0.162512
3.47201,7.71017,0.162512
3.47201,7.71017,0.162512
3.47201,7.71017,0.162512
3.47201,7.71017,0.162512
3.47201,7.71017,0.162512
3.47201,7.71017,0.162512
3.47201,7.71017,0.162512
3.55948,7.66254,0.162135
3.55948,7.66254,0.162135
3.55948,7.66254,0.162135
3.55948,7.66254,0.162135
3.55948,7.66254,0.162135
3.55948,7.66254,0.162135
3.55948,7.66254,0.162135
3.55948,7.66254,0.162135
3.55948,7.66254,0.162135
3.55948,7.66254,0.162135
3.55948,7.66254,0.162135
3.55948,7.66254,0.162135
3.55948,7.66254,0.162135
3.55948,7.66254,0.162135
3.64722,7.61505,0.161757
3.64722,7.61505,0.161757
3.64722,7.61505,0.161757
3.64722,7.61505,0.161757
3.64722,7.61505,0.161757
3.64722,7.61505,0.161757
3.64722,7.61505,0.161757
3.64722,7.61505,0.161757
3.64722,7.61505,0.161757
3.64722,7.61505,0.161757
3.64722,7.61505,0.161757
3.64722,7.61505,0.161757
3.64722,7.61505,0.161757
3.64722,7.61505,0.161757
3.73557,7.56766,0.16138
3.73557,7.56766,0.16138
3.73557,7.56766,0.16138
3.73557,7.56766,0.16138
3.73557,7.56766,0.16138
3.73557,7.56766,0.16138
3.73557,7.56766,0.16138
3.73557,7.56766,0.16138
3.73557,7.56766,0.16138
3.73557,7.56766,0.16138
3.73557,7.56766,0.16138
3.73557,7.56766,0.16138
3.73557,7.56766,0.16138
3.73557,7.56766,0.16138
3.82361,7.52049,0.161003
3.82361,7.52049,0.161003
3.82361,7.52049,0.161003
3.82361,7.52049,0.161003
3.82361,7.52049,0.161003
3.82361,7.52049,0.161003
3.82361,7.52049,0.161003
3.82361,7.52049,0.161003
3.82361,7.52049,0.161003
3.82361,7.52049,0.161003
3.82361,7.52049,0.161003
3.82361,7.52049,0.161003
3.82361,7.52049,0.161003
3.82361,7.52049,0.161003
3.91184,7.47311,0.160625
3.91184,7.47311,0.160625
3.91184,7.47311,0.160625
3.91184,7.47311,0.160625
3.91184,7.47311,0.160625
3.91184,7.47311,0.160625
3.91184,7.47311,0.160625
3.91184,7.47311,0.160625
3.91184,7.47311,0.160625
3.91184,7.47311,0.160625
3.91184,7.47311,0.160625
3.91184,7.47311,0.160625
3.91184,7.47311,0.160625
3.91184,7.47311,0.160625
3.91184,7.47311,0.160625
3.91184,7.47311,0.160625
3.91184,7.47311,0.160625
3.99981,7.42603,0.160248
3.99981,7.42603,0.160248
3.99981,7.42603,0.160248
3.99981,7.42603,0.160248
3.99981,7.42603,0.160248
3.99981,7.42603,0.160248
3.99981,7.42603,0.160248
3.99981,7.42603,0.160248
3.99981,7.42603,0.160248
3.99981,7.42603,0.160248
3.99981,7.42603,0.160248
3.99981,7.42603,0.160248
3.99981,7.42603,0.160248
3.99981,7.42603,0.160248
3.99981,7.42603,0.160248
3.99981,7.42603,0.160248
3.99981,7.42603,0.160248
3.99981,7.42603,0.160248
4.08784,7.37788,0.159871
4.08784,7.37788,0.159871
4.08784,7.37788,0.159871
4.08784,7.37788,0.159871
4.08784,7.37788,0.159871
4.08784,7.37788,0.159871
4.08784,7.37788,0.159871
4.08784,7.37788,0.159871
4.08784,7.37788,0.159871
4.08784,7.37788,0.159871
4.08784,7.37788,0.159871
4.08784,7.37788,0.159871
4.08784,7.37788,0.159871
4.08784,7.37788,0.159871
4.08784,7.37788,0.159871
4.08784,7.37788,0.159871
4.08784,7.37788,0.159871
4.08784,7.37788,0.159871
4.08784,7.37788,0.159871
4.08784,7.37788,0.159871
4.08784,7.37788,0.159871
4.17661,7.33049,0.159493
4.17661,7.33049,0.159493
4.17661,7.33049,0.159493
4.17661,7.33049,0.159493
4.17661,7.33049,0.159493
4.17661,7.33049,0.159493
4.17661,7.33049,0.159493
4.17661,7.33049,0.159493
4.17661,7.33049,0.159493
4.17661,7.33049,0.159493
4.17661,7.33049,0.159493
4.17661,7.33049,0.159493
4.17661,7.33049,0.159493
4.17661,7.33049,0.159493
4.17661,7.33049,0.159493
4.17661,7.33049,0.159493
4.17661,7.33049,0.159493
4.17661,7.33049,0.159493
4.17661,7.33049,0.159493
4.17661,7.33049,0.159493
4.26433,7.28329,0.159116
4.26433,7.28329,0.159116
4.26433,7.28329,0.159116
4.26433,7.28329,0.159116
4.26433,7.28329,0.159116
4.26433,7.28329,0.159116
4.26433,7.28329,0.159116
4.26433,7.28329,0.159116
4.26433,7.28329,0.159116
4.26433,7.28329,0.159116
4.26433,7.28329,0.159116
4.26433,7.28329,0.159116
4.26433,7.28329,0.159116
4.26433,7.28329,0.159116
4.26433,7.28329,0.159116
4.26433,7.28329,0.159116
4.26433,7.28329,0.159116
4.35244,7.23565,0.158739
4.35244,7.23565,0.158739
4.35244,7.23565,0.158739
4.35244,7.23565,0.158739
4.35244,7.23565,0.158739
4.35244,7.23565,0.158739
4.35244,7.23565,0.158739
4.35244,7.23565,0.158739
4.35244,7.23565,0.158739
4.35244,7.23565,0.158739
4.35244,7.23565,0.158739
4.35244,7.23565,0.158739
4.35244,7.23565,0.158739
4.35244,7.23565,0.158739
4.35244,7.23565,0.158739
4.35244,7.23565,0.158739
4.35244,7.23565,0.158739
4.43996,7.18801,0.158361
4.43996,7.18801,0.158361
4.43996,7.18801,0.158361
4.43996,7.18801,0.158361
4.43996,7.18801,0.158361
4.43996,7.18801,0.158361
4.43996,7.18801,0.158361
4.43996,7.18801,0.158361
4.43996,7.18801,0.158361
4.43996,7.18801,0.158361
4.43996,7.18801,0.158361
4.43996,7.18801,0.158361
4.43996,7.18801,0.158361
4.43996,7.18801,0.158361
4.43996,7.18801,0.158361
4.43996,7.18801,0.158361
4.43996,7.18801,0.158361
4.5366,7.1625,0.115727
4.5366,7.1625,0.115727
4.5366,7.1625,0.115727
4.5366,7.1625,0.115727
4.5366,7.1625,0.115727
4.5366,7.1625,0.115727
4.5366,7.1625,0.115727
4.5366,7.1625,0.115727
4.5366,7.1625,0.115727
4.5366,7.1625,0.115727
4.5366,7.1625,0.115727
4.5366,7.1625,0.115727
4.5366,7.1625,0.115727
4.5366,7.1625,0.115727
4.5366,7.1625,0.115727
4.5366,7.1625,0.115727
4.63359,7.13668,0.0730916
4.63359,7.13668,0.0730916
4.63359,7.13668,0.0730916
4.63359,7.13668,0.0730916
4.63359,7.13668,0.0730916
4.63359,7.13668,0.0730916
4.63359,7.13668,0.0730916
4.63359,7.13668,0.0730916
4.63359,7.13668,0.0730916
4.63359,7.13668,0.0730916
4.63359,7.13668,0.0730916
4.63359,7.13668,0.0730916
4.63359,7.13668,0.0730916
4.63359,7.13668,0.0730916
4.72996,7.11088,0.0304567
4.72996,7.11088,0.0304567
4.72996,7.11088,0.0304567
4.72996,7.11088,0.0304567
4.72996,7.11088,0.0304567
4.72996,7.11088,0.0304567
4.72996,7.11088,0.0304567
4.72996,7.11088,0.0304567
4.72996,7.11088,0.0304567
4.72996,7.11088,0.0304567
4.72996,7.11088,0.0304567
4.72996,7.11088,0.0304567
4.72996,7.11088,0.0304567
4.72996,7.11088,0.0304567
4.72996,7.11088,0.0304567
4.82999,7.11946,-0.0295433
4.82999,7.11946,-0.0295433
4.82999,7.11946,-0.0295433
4.82999,7.11946,-0.0295433
4.82999,7.11946,-0.0295433
4.82999,7.11946,-0.0295433
4.82999,7.11946,-0.0295433
4.82999,7.11946,-0.0295433
4.82999,7.11946,-0.0295433
4.82999,7.11946,-0.0295433
4.82999,7.11946,-0.0295433
4.82999,7.11946,-0.0295433
4.82999,7.11946,-0.0295433
4.82999,7.11946,-0.0295433
4.82999,7.11946,-0.0295433
4.82999,7.11946,-0.0295433
4.92937,7.1278,-0.0895433
4.92937,7.1278,-0.0895433
4.92937,7.1278,-0.0895433
4.92937,7.1278,-0.0895433
4.92937,7.1278,-0.0895433
4.92937,7.1278,-0.0895433
4.92937,7.1278,-0.0895433
4.92937,7.1278,-0.0895433
4.92937,7.1278,-0.0895433
4.92937,7.1278,-0.0895433
4.92937,7.1278,-0.0895433
4.92937,7.1278,-0.0895433
4.92937,7.1278,-0.0895433
4.92937,7.1278,-0.0895433
5.02872,7.13606,-0.149543
5.02872,7.13606,-0.149543
5.02872,7.13606,-0.149543
5.02872,7.13606,-0.149543
5.02872,7.13606,-0.149543
5.02872,7.13606,-0.149543
5.02872,7.13606,-0.149543
5.02872,7.13606,-0.149543
5.02872,7.13606,-0.149543
5.02872,7.13606,-0.149543
5.02872,7.13606,-0.149543
5.02872,7.13606,-0.149543
5.02872,7.13606,-0.149543
5.12828,7.14501,-0.209543
5.12828,7.14501,-0.209543
5.12828,7.14501,-0.209543
5.12828,7.14501,-0.209543
5.12828,7.14501,-0.209543
5.12828,7.14501,-0.209543
5.12828,7.14501,-0.209543
5.12828,7.14501,-0.209543
5.12828,7.14501,-0.209543
5.12828,7.14501,-0.209543
5.12828,7.14501,-0.209543
5.12828,7.14501,-0.209543
5.22756,7.15392,-0.269543
5.22756,7.15392,-0.269543
5.22756,7.15392,-0.269543
5.22756,7.15392,-0.269543
5.22756,7.15392,-0.269543
5.22756,7.15392,-0.269543
5.22756,7.15392,-0.269543
5.22756,7.15392,-0.269543
5.22756,7.15392,-0.269543
5.22756,7.15392,-0.269543
5.22756,7.15392,-0.269543
5.22756,7.15392,-0.269543
5.3271,7.16176,-0.329543
5.3271,7.16176,-0.329543
5.3271,7.16176,-0.329543
5.3271,7.16176,-0.329543
5.3271,7.16176,-0.329543
5.3271,7.16176,-0.329543
5.3271,7.16176,-0.329543
5.3271,7.16176,-0.329543
5.3271,7.16176,-0.329543
5.3271,7.16176,-0.329543
5.3271,7.16176,-0.329543
5.3271,7.16176,-0.329543
5.3271,7.16176,-0.329543
5.42614,7.17445,-0.310721
5.42614,7.17445,-0.310721
5.42614,7.17445,-0.310721
5.42614,7.17445,-0.310721
5.42614,7.17445,-0.310721
5.42614,7.17445,-0.310721
5.42614,7.17445,-0.310721
5.42614,7.17445,-0.310721
5.42614,7.17445,-0.310721
5.42614,7.17445,-0.310721
5.42614,7.17445,-0.310721
5.42614,7.17445,-0.310721
5.52527,7.18722,-0.291899
5.52527,7.18722,-0.291899
5.52527,7.18722,-0.291899
5.52527,7.18722,-0.291899
5.52527,7.18722,-0.291899
5.52527,7.18722,-0.291899
5.52527,7.18722,-0.291899
5.52527,7.18722,-0.291899
5.52527,7.18722,-0.291899
5.52527,7.18722,-0.291899
5.52527,7.18722,-0.291899
5.62459,7.19919,-0.273076
5.62459,7.19919,-0.273076
5.62459,7.19919,-0.273076
5.62459,7.19919,-0.273076
5.62459,7.19919,-0.273076
5.62459,7.19919,-0.273076
5.62459,7.19919,-0.273076
5.62459,7.19919,-0.273076
5.62459,7.19919,-0.273076
5.62459,7.19919,-0.273076
5.62459,7.19919,-0.273076
5.72405,7.2119,-0.254254
5.72405,7.2119,-0.254254
5.72405,7.2119,-0.254254
5.72405,7.2119,-0.254254
5.72405,7.2119,-0.254254
5.72405,7.2119,-0.254254
5.72405,7.2119,-0.254254
5.72405,7.2119,-0.254254
5.72405,7.2119,-0.254254
5.72405,7.2119,-0.254254
5.72405,7.2119,-0.254254
5.82255,7.22419,-0.235432
5.82255,7.22419,-0.235432
5.82255,7.22419,-0.235432
5.82255,7.22419,-0.235432
5.82255,7.22419,-0.235432
5.82255,7.22419,-0.235432
5.82255,7.22419,-0.235432
5.82255,7.22419,-0.235432
5.82255,7.22419,-0.235432
5.82255,7.22419,-0.235432
5.92188,7.23665,-0.21661
5.92188,7.23665,-0.21661
5.92188,7.23665,-0.21661
5.92188,7.23665,-0.21661
5.92188,7.23665,-0.21661
5.92188,7.23665,-0.21661
5.92188,7.23665,-0.21661
5.92188,7.23665,-0.21661
5.92188,7.23665,-0.21661
5.92188,7.23665,-0.21661
6.01959,7.25667,-0.15661
6.01959,7.25667,-0.15661
6.01959,7.25667,-0.15661
6.01959,7.25667,-0.15661
6.01959,7.25667,-0.15661
6.01959,7.25667,-0.15661
6.01959,7.25667,-0.15661
6.01959,7.25667,-0.15661
6.01959,7.25667,-0.15661
6.01959,7.25667,-0.15661
6.11282,7.29177,-0.178176
6.11282,7.29177,-0.178176
6.11282,7.29177,-0.178176
6.11282,7.29177,-0.178176
6.11282,7.29177,-0.178176
6.11282,7.29177,-0.178176
6.11282,7.29177,-0.178176
6.11282,7.29177,-0.178176
6.11282,7.29177,-0.178176
6.11282,7.29177,-0.178176
6.11282,7.29177,-0.178176
6.16929,7.37525,-0.203772
6.16929,7.37525,-0.203772
6.16929,7.37525,-0.203772
6.16929,7.37525,-0.203772
6.16929,7.37525,-0.203772
6.16929,7.37525,-0.203772
6.16929,7.37525,-0.203772
6.16929,7.37525,-0.203772
6.16929,7.37525,-0.203772
6.22476,7.4577,-0.229368
6.22476,7.4577,-0.229368
6.22476,7.4577,-0.229368
6.22476,7.4577,-0.229368
6.22476,7.4577,-0.229368
6.22476,7.4577,-0.229368
6.22476,7.4577,-0.229368
6.22476,7.4577,-0.229368
6.22476,7.4577,-0.229368
6.22476,7.4577,-0.229368
6.28106,7.5401,-0.254964
6.28106,7.5401,-0.254964
6.28106,7.5401,-0.254964
6.28106,7.5401,-0.254964
6.28106,7.5401,-0.254964
6.28106,7.5401,-0.254964
6.28106,7.5401,-0.254964
6.28106,7.5401,-0.254964
6.28106,7.5401,-0.254964
6.28106,7.5401,-0.254964
6.33721,7.62256,-0.28056
6.33721,7.62256,-0.28056
6.33721,7.62256,-0.28056
6.33721,7.62256,-0.28056
6.33721,7.62256,-0.28056
6.33721,7.62256,-0.28056
6.33721,7.62256,-0.28056
6.33721,7.62256,-0.28056
6.33721,7.62256,-0.28056
6.39332,7.7053,-0.306156
6.39332,7.7053,-0.306156
6.39332,7.7053,-0.306156
6.39332,7.7053,-0.306156
6.39332,7.7053,-0.306156
6.39332,7.7053,-0.306156
6.39332,7.7053,-0.306156
6.39332,7.7053,-0.306156
6.39332,7.7053,-0.306156
6.4489,7.78824,-0.331752
6.4489,7.78824,-0.331752
6.4489,7.78824,-0.331752
6.4489,7.78824,-0.331752
6.4489,7.78824,-0.331752
6.4489,7.78824,-0.331752
6.4489,7.78824,-0.331752
6.4489,7.78824,-0.331752
6.50502,7.87133,-0.357348
6.50502,7.87133,-0.357348
6.50502,7.87133,-0.357348
6.50502,7.87133,-0.357348
6.50502,7.87133,-0.357348
6.50502,7.87133,-0.357348
6.50502,7.87133,-0.357348
6.50502,7.87133,-0.357348
6.5609,7.95454,-0.382944
6.5609,7.95454,-0.382944
6.5609,7.95454,-0.382944
6.5609,7.95454,-0.382944
6.5609,7.95454,-0.382944
6.5609,7.95454,-0.382944
6.5609,7.95454,-0.382944
6.5609,7.95454,-0.382944
6.5609,7.95454,-0.382944
6.61615,8.03804,-0.40854
6.61615,8.03804,-0.40854
6.61615,8.03804,-0.40854
6.61615,8.03804,-0.40854
6.61615,8.03804,-0.40854
6.61615,8.03804,-0.40854
6.61615,8.03804,-0.40854
6.61615,8.03804,-0.40854
6.61615,8.03804,-0.40854
6.6714,8.12109,-0.434136
6.6714,8.12109,-0.434136
6.6714,8.12109,-0.434136
6.6714,8.12109,-0.434136
6.6714,8.12109,-0.434136
6.6714,8.12109,-0.434136
6.6714,8.12109,-0.434136
6.6714,8.12109,-0.434136
6.72801,8.2041,-0.459732
6.72801,8.2041,-0.459732
6.72801,8.2041,-0.459732
6.72801,8.2041,-0.459732
6.72801,8.2041,-0.459732
6.72801,8.2041,-0.459732
6.72801,8.2041,-0.459732
6.72801,8.2041,-0.459732
6.78324,8.28741,-0.485328
6.78324,8.28741,-0.485328
6.78324,8.28741,-0.485328
6.78324,8.28741,-0.485328
6.78324,8.28741,-0.485328
6.78324,8.28741,-0.485328
6.78324,8.28741,-0.485328
6.78324,8.28741,-0.485328
6.83851,8.37045,-0.510924
6.83851,8.37045,-0.510924
6.83851,8.37045,-0.510924
6.83851,8.37045,-0.510924
6.83851,8.37045,-0.510924
6.83851,8.37045,-0.510924
6.83851,8.37045,-0.510924
6.89406,8.45435,-0.53652
6.89406,8.45435,-0.53652
6.89406,8.45435,-0.53652
6.89406,8.45435,-0.53652
6.89406,8.45435,-0.53652
6.89406,8.45435,-0.53652
6.89406,8.45435,-0.53652
6.89406,8.45435,-0.53652
6.94906,8.53792,-0.562116
6.94906,8.53792,-0.562116
6.94906,8.53792,-0.562116
6.94906,8.53792,-0.562116
6.94906,8.53792,-0.562116
6.94906,8.53792,-0.562116
6.94906,8.53792,-0.562116
7.00404,8.62153,-0.587712
7.00404,8.62153,-0.587712
7.00404,8.62153,-0.587712
7.00404,8.62153,-0.587712
7.00404,8.62153,-0.587712
7.00404,8.62153,-0.587712
7.00404,8.62153,-0.587712
7.00404,8.62153,-0.587712
7.06022,8.70421,-0.613309
7.06022,8.70421,-0.613309
7.06022,8.70421,-0.613309
7.06022,8.70421,-0.613309
7.06022,8.70421,-0.613309
7.06022,8.70421,-0.613309
7.06022,8.70421,-0.613309
7.11217,8.7898,-0.673308
7.11217,8.7898,-0.673308
7.11217,8.7898,-0.673308
7.11217,8.7898,-0.673308
7.11217,8.7898,-0.673308
7.11217,8.7898,-0.673308
7.20276,8.83282,-0.613308
7.20276,8.83282,-0.613308
7.20276,8.83282,-0.613308
7.20276,8.83282,-0.613308
7.20276,8.83282,-0.613308
7.2656,8.91023,-0.578851
7.2656,8.91023,-0.578851
7.2656,8.91023,-0.578851
7.2656,8.91023,-0.578851
7.32895,8.9874,-0.544394
7.32895,8.9874,-0.544394
7.32895,8.9874,-0.544394
7.32895,8.9874,-0.544394
7.39257,9.06499,-0.509936
7.39257,9.06499,-0.509936
7.39257,9.06499,-0.509936
7.39257,9.06499,-0.509936
7.45632,9.14231,-0.475479
7.45632,9.14231,-0.475479
7.45632,9.14231,-0.475479
7.52037,9.2191,-0.441022
7.52037,9.2191,-0.441022
7.52037,9.2191,-0.441022
7.58398,9.29612,-0.406564
7.58398,9.29612,-0.406564
7.58398,9.29612,-0.406564
7.64778,9.37315,-0.372107
7.64778,9.37315,-0.372107
7.70999,9.45172,-0.33765
7.70999,9.45172,-0.33765
7.77233,9.52982,-0.303192
7.77233,9.52982,-0.303192
7.82384,9.61518,-0.317325
7.82384,9.61518,-0.317325
7.87571,9.70077,-0.331458
7.92724,9.7868,-0.345591
7.92724,9.7868,-0.345591
8.02717,9.78517,-0.405591
8.02717,9.78517,-0.405591
8.12698,9.78353,-0.465591
8.12698,9.78353,-0.465591
8.22744,9.78293,-0.525591
8.22744,9.78293,-0.525591
8.32705,9.7824,-0.585591
8.32705,9.7824,-0.585591
8.4268,9.7814,-0.645591
8.4268,9.7814,-0.645591
8.52704,9.78104,-0.705591
8.52704,9.78104,-0.705591
8.62724,9.78039,-0.765591
8.62724,9.78039,-0.765591
8.72739,9.77944,-0.825591
8.72739,9.77944,-0.825591
8.82722,9.77769,-0.885591
8.82722,9.77769,-0.885591
8.92704,9.77554,-0.945591
9.02734,9.77331,-1.00559
9.12742,9.77053,-1.06559
9.22768,9.76813,-1.12559
9.22768,9.76813,-1.12559
9.29578,9.84126,-1.13429
9.36435,9.91448,-1.14299
9.43194,9.98757,-1.15169
9.50007,10.0607,-1.16039
9.56833,10.1333,-1.16908
9.63699,10.2059,-1.17778
9.70585,10.2785,-1.18648
9.77492,10.3511,-1.19518
9.84401,10.4236,-1.20388
9.91276,10.4968,-1.21258
9.98159,10.5696,-1.22128
10.05,10.6421,-1.22997
10.1187,10.7146,-1.23867
10.1875,10.7874,-1.24737
10.2873,10.7877,-1.25087
10.2873,10.7877,-1.25087
10.3877,10.7871,-1.25436
10.4877,10.7868,-1.25786
10.5881,10.7872,-1.26135
10.6878,10.7874,-1.26485
10.7875,10.7875,-1.26834
10.8869,10.787,-1.27183
10.987,10.7864,-1.27533
11.0869,10.7859,-1.27882
11.187,10.7855,-1.28232
11.2868,10.7853,-1.28581
11.3867,10.7846,-1.28931
11.4866,10.7844,-1.2928
11.5868,10.7838,-1.2963
11.6866,10.784,-1.29979
11.6866,10.784,-1.29979
11.7865,10.784,-1.30329
11.8865,10.7832,-1.30678
11.9867,10.7828,-1.31028
11.9867,10.7828,-1.31028
12.0468,10.8635,-1.37028
12.1066,10.9435,-1.43028
12.1661,11.0239,-1.49028
12.1661,11.0239,-1.49028
12.2261,11.1046,-1.55028
12.2261,11.1046,-1.55028
12.2863,11.1844,-1.61028
12.3458,11.2646,-1.67028
12.405,11.3454,-1.73028
12.405,11.3454,-1.73028
12.4651,11.4251,-1.79028
12.4651,11.4251,-1.79028
12.5606,11.4553,-1.85028
12.5606,11.4553,-1.85028
12.6553,11.4853,-1.91028
12.7504,11.516,-1.97028
12.8455,11.5467,-2.03028
12.8455,11.5467,-2.03028
12.9411,11.5772,-2.09028
13.0404,11.5661,-2.0635
13.0404,11.5661,-2.0635
13.1396,11.5517,-2.0035
13.1396,11.5517,-2.0035
13.2386,11.5381,-1.9435
13.2386,11.5381,-1.9435
13.3373,11.5247,-1.8835
13.436,11.5105,-1.8235
13.5352,11.4968,-1.7635
13.5352,11.4968,-1.7635
13.634,11.4827,-1.7035
13.7329,11.4692,-1.6435
13.8314,11.4548,-1.5835
13.9305,11.4406,-1.5235
14.0228,11.4015,-1.4635
14.1145,11.3626,-1.4035
14.2067,11.3228,-1.3435
14.2984,11.2838,-1.2835
14.3903,11.2446,-1.2235
14.4824,11.2054,-1.1635
14.5744,11.1662,-1.1035
14.6666,11.1266,-1.0435
14.7588,11.0872,-0.983504
14.8463,11.0392,-0.923504
14.9341,10.9913,-0.863504
14.9341,10.9913,-0.863504
15.0213,10.9433,-0.803504
15.109,10.8952,-0.743504
15.109,10.8952,-0.743504
15.1974,10.8468,-0.683504
15.2852,10.7982,-0.623504
15.2852,10.7982,-0.623504
15.373,10.75,-0.563504
15.373,10.75,-0.563504
15.461,10.7025,-0.503504
15.461,10.7025,-0.503504
15.5488,10.6544,-0.443504
15.6362,10.6056,-0.383504
15.6362,10.6056,-0.383504
15.7248,10.5577,-0.323504
15.7248,10.5577,-0.323504
15.8128,10.5098,-0.263504
15.8128,10.5098,-0.263504
15.9033,10.4595,-0.143504
15.9033,10.4595,-0.143504
16.0008,10.4383,-0.136981
16.0008,10.4383,-0.136981
16.098,10.4167,-0.130458
16.098,10.4167,-0.130458
16.1959,10.3952,-0.123935
16.1959,10.3952,-0.123935
16.2934,10.374,-0.117412
16.3912,10.3523,-0.110889
16.489,10.3315,-0.104366
16.5874,10.3104,-0.0978434
16.5874,10.3104,-0.0978434
16.6854,10.2895,-0.0913205
16.6854,10.2895,-0.0913205
16.7823,10.2678,-0.0847977
16.8801,10.2465,-0.0782748
16.8801,10.2465,-0.0782748
16.9777,10.2252,-0.0717519
17.0756,10.2038,-0.065229
17.0756,10.2038,-0.065229
17.1735,10.1829,-0.0587061
17.1735,10.1829,-0.0587061
17.2715,10.1615,-0.0521832
17.3696,10.1401,-0.0456603
17.3696,10.1401,-0.0456603
17.4672,10.1185,-0.0391374
17.5648,10.098,-0.0326145
17.5648,10.098,-0.0326145
17.662,10.0768,-0.0260916
17.7598,10.0559,-0.0195687
17.7598,10.0559,-0.0195687
17.8578,10.0344,-0.0130458
17.961,10.0115,-0.00566337
17.961,10.0115,-0.00566337
17.961,10.0115,-0.00566337
17.961,10.0115,-0.00566337
17.961,10.0115,-0.00566337
17.961,10.0115,-0.00566337
17.961,10.0115,-0.00566337
17.961,10.0115,-0.00566337
17.961,10.0115,-0.00566337
17.961,10.0115,-0.00566337
17.961,10.0115,-0.00566337
17.961,10.0115,-0.00566337
17.961,10.0115,-0.00566337
17.961,10.0115,-0.00566337
17.961,10.0115,-0.00566337
17.961,10.0115,-0.00566337
17.961,10.0115,-0.00566337
17.961,10.0115,-0.00566337
17.961,10.0115,-0.00566337
17.961,10.0115,-0.00566337
17.961,10.0115,-0.00566337
17.961,10.0115,-0.00566337
17.961,10.0115,-0.00566337
17.961,10.0115,-0.00566337
17.961,10.0115,-0.00566337
17.961,10.0115,-0.00566337
17.961,10.0115,-0.00566337
17.961,10.0115,-0.00566337
17.961,10.0115,-0.00566337
17.961,10.0115,-0.00566337
17.961,10.0115,-0.00566337
